percentualProtestos,status,definicaoRisco,valorAprovado,endividamento,passivoCirculante,totalAtivo,totalPatrimonioLiquido,faturamentoBruto,scorePontualidade,percentualRisco,categoria
0.0,AprovadoAnalista,De 0 a 10 % - Muito Baixo,300000.0,0.0,2538069.0,19415777.0,7519758.0,11958227.0,1.0,0.0566037735849056,Bom
0.0,AprovadoAnalista,De 0 a 10 % - Muito Baixo,150000.0,0.0,1922318.0,36377344.0,34440755.0,24551233.0,1.0,0.0566037735849056,Bom
0.0,AprovadoAnalista,De 0 a 10 % - Muito Baixo,60000.0,0.0,564957.0,14438808.0,13841257.0,10087739.0,1.0,0.0377358490566037,Bom
0.0,AprovadoAnalista,De 0 a 10 % - Muito Baixo,100000.0,0.0,257772.0,1012223.0,1012223.0,3652617.0,1.0,0.0943396226415094,Bom
0.0,AprovadoComite,De 0 a 10 % - Muito Baixo,60000.0,0.0,13851725.0,24093560.0,10153690.0,61496930.0,1.0,0.0566037735849056,Bom
0.0,AprovadoAnalista,De 0 a 10 % - Muito Baixo,150000.0,0.0,33115677.0,96091171.0,56121408.0,68644820.0,1.0,0.0377358490566037,Bom
0.0,AprovadoAnalista,De 0 a 10 % - Muito Baixo,530000.0,0.0,10538518.0,23345038.0,6257403.0,25038845.0,0.9370702299,0.0566037735849056,Bom
0.0,AprovadoAnalista,De 0 a 10 % - Muito Baixo,50000.0,0.0,564957.0,14438808.0,13841257.0,10087739.0,1.0,0.0377358490566037,Bom
0.0,AprovadoAnalista,De 0 a 10 % - Muito Baixo,250000.0,0.0,71429859.0,323196268.0,244009083.0,709069792.0,0.9999999763,0.0377358490566037,Bom
0.0,AprovadoAnalista,De 0 a 10 % - Muito Baixo,180000.0,0.0,61466010.0,64437727.0,1376433.0,200771296.0,1.0,0.0377358490566037,Bom
0.0,AprovadoComite,De 0 a 10 % - Muito Baixo,100000.0,0.0,2959093.0,24618228.0,22561000.0,9139060.0,0.25,0.0943396226415094,Bom
0.0,AprovadoComite,De 0 a 10 % - Muito Baixo,300000.0,0.0,298912244.0,442789173.0,143876928.0,1414468218.0,1.0,0.0377358490566037,Bom
0.0,AprovadoAnalista,De 0 a 10 % - Muito Baixo,700000.0,0.0,10538518.0,23345038.0,6257403.0,25038845.0,0.9370702299,0.0566037735849056,Bom
0.0,AprovadoAnalista,De 0 a 10 % - Muito Baixo,200000.0,0.0,6865000.0,19250000.0,12386000.0,36833000.0,0.8324439607,0.0943396226415094,Bom
0.0,AprovadoAnalista,De 0 a 10 % - Muito Baixo,75000.0,0.0,679939.0,8517825.0,7398391.0,12525274.0,0.0,0.0943396226415094,Bom
0.0,AprovadoAnalista,De 0 a 10 % - Muito Baixo,150000.0,0.0,2000162.0,7281889.0,5281727.0,24993836.0,1.0,0.0943396226415094,Bom
0.0,AprovadoAnalista,De 0 a 10 % - Muito Baixo,110000.0,0.0,3749913.0,6973344.0,3223422.0,15175917.0,1.0,0.0566037735849056,Bom
0.0,AprovadoComite,De 0 a 10 % - Muito Baixo,180000.0,0.0,4224816.0,16782927.0,3675549.0,33505605.0,0.0,0.0377358490566037,Bom
0.0,AprovadoAnalista,De 0 a 10 % - Muito Baixo,160000.0,0.0,2821778.0,8971185.0,1587622.0,18866297.0,1.0,0.0566037735849056,Bom
0.0,AprovadoComite,De 0 a 10 % - Muito Baixo,180000.0,0.0,337703.0,5841069.0,5503365.0,11411386.0,0.0,0.0566037735849056,Bom
0.0,AprovadoAnalista,De 0 a 10 % - Muito Baixo,55000.0,0.0,1466507.0,1488698.0,1143216.0,3077900.0,1.0,0.0754716981132075,Bom
0.0,AprovadoComite,De 0 a 10 % - Muito Baixo,80000.0,0.0,1158182.0,6914627.0,2582249.0,16031005.0,1.0,0.0943396226415094,Bom
0.0,AprovadoAnalista,De 0 a 10 % - Muito Baixo,170000.0,0.0,221212.0,10233308.0,10012096.0,5679219.0,1.0,0.0377358490566037,Bom
0.0,AprovadoComite,De 0 a 10 % - Muito Baixo,360000.0,0.0,61466010.0,64437727.0,1376433.0,200771296.0,1.0,0.0377358490566037,Bom
0.0,AprovadoComite,De 0 a 10 % - Muito Baixo,1000000.0,0.0,10538518.0,23345038.0,6257403.0,25038845.0,0.9370702299,0.0377358490566037,Bom
0.0,AprovadoComite,De 0 a 10 % - Muito Baixo,1200000.0,0.0,10396943.0,68666171.0,58269228.0,80654482.0,0.0,0.0377358490566037,Bom
0.0,AprovadoComite,De 0 a 10 % - Muito Baixo,200000.0,0.0,96389589.0,135886027.0,39496437.0,172206811.0,1.0,0.0377358490566037,Bom
0.0,AprovadoComite,De 0 a 10 % - Muito Baixo,500000.0,0.0,8348177.0,10370619.0,1569857.0,20254913.0,0.9973025608,0.0943396226415094,Bom
0.0,AprovadoAnalista,De 0 a 10 % - Muito Baixo,75000.0,0.0,2374007.0,4324242.0,50000.0,3983742.0,1.0,0.0892857142857142,Bom
0.0,AprovadoAnalista,De 0 a 10 % - Muito Baixo,420000.0,0.0,3083210.0,16544896.0,11989746.0,34685864.0,0.9895547454,0.1071428571428571,Bom
0.0,AprovadoAnalista,De 0 a 10 % - Muito Baixo,60000.0,0.0,8740315.0,9639442.0,899126.0,30752360.0,1.0,0.0357142857142857,Bom
0.0,AprovadoComite,De 0 a 10 % - Muito Baixo,250000.0,0.0,49943000.0,1768742000.0,1116493000.0,1808539000.0,1.0,0.0535714285714285,Bom
0.0,AprovadoComite,De 0 a 10 % - Muito Baixo,600000.0,0.0,12005993.0,17837929.0,5831936.0,25038845.0,0.9370702299,0.0357142857142857,Bom
0.0,AprovadoAnalista,De 0 a 10 % - Muito Baixo,350000.0,0.0,86939285.0,155477441.0,67765135.0,219572527.0,0.9935589652,0.1071428571428571,Bom
0.0,AprovadoComite,De 0 a 10 % - Muito Baixo,200000.0,0.0,732091.0,5229200.0,1925483.0,9785943.0,1.0,0.1071428571428571,Bom
0.0,AprovadoComite,De 0 a 10 % - Muito Baixo,200000.0,0.0,231828.0,1535285.0,1303456.0,14504819.0,0.0683746465,0.1071428571428571,Bom
0.0,AprovadoAnalista,De 0 a 10 % - Muito Baixo,150000.0,0.0,3501106.0,19167442.0,15662887.0,46265229.0,1.0,0.0892857142857142,Bom
0.0,AprovadoAnalista,De 0 a 10 % - Muito Baixo,150000.0,0.0,337703.0,5841069.0,5503365.0,11411386.0,0.0,0.0357142857142857,Bom
0.0,AprovadoAnalista,De 0 a 10 % - Muito Baixo,1500000.0,0.0,19008239.0,45895093.0,21492863.0,36989387.0,1.0,0.0892857142857142,Bom
0.0,AprovadoComite,De 0 a 10 % - Muito Baixo,50000.0,0.0,7753324.0,12270860.0,4517535.0,73828034.0,1.0,0.0357142857142857,Bom
0.0,AprovadoAnalista,De 0 a 10 % - Muito Baixo,100000.0,0.0,1269604.0,3323683.0,2054079.0,13983957.0,0.0,0.0892857142857142,Bom
0.0,AprovadoAnalista,De 0 a 10 % - Muito Baixo,100000.0,0.0,200293.0,828100.0,627807.0,1900333.0,1.0,0.0535714285714285,Bom
0.0,AprovadoAnalista,De 0 a 10 % - Muito Baixo,350000.0,0.0,86939285.0,155477441.0,67765135.0,219572527.0,0.9935589652,0.1071428571428571,Bom
0.0,AprovadoAnalista,De 0 a 10 % - Muito Baixo,1400000.0,0.0,49147072.0,81720910.0,31308354.0,37122463.0,0.9999930711,0.0892857142857142,Bom
0.0,AprovadoAnalista,De 0 a 10 % - Muito Baixo,300000.0,0.0,6267159.0,26799987.0,20532827.0,11264905.0,0.9837729653,0.0357142857142857,Bom
0.0,AprovadoAnalista,De 0 a 10 % - Muito Baixo,200000.0,0.0,28802791.0,35069468.0,6266676.0,84443992.0,0.0,0.0535714285714285,Bom
0.0,AprovadoAnalista,De 0 a 10 % - Muito Baixo,1500000.0,0.0,19008239.0,45895093.0,21492863.0,36989387.0,0.9888857194,0.0892857142857142,Bom
0.0,AprovadoAnalista,De 0 a 10 % - Muito Baixo,700000.0,0.0,49147072.0,81720910.0,31208354.0,37122463.0,0.9886222613,0.0892857142857142,Bom
0.0,AprovadoAnalista,De 0 a 10 % - Muito Baixo,100000.0,0.0,766760.0,12451455.0,11684694.0,6941291.0,1.0,0.0357142857142857,Bom
0.0,AprovadoAnalista,De 0 a 10 % - Muito Baixo,150000.0,0.0,414100.0,2516739.0,2102638.0,8582943.0,1.0,0.0892857142857142,Bom
0.0,AprovadoAnalista,De 0 a 10 % - Muito Baixo,100000.0,0.0,7769243.0,12774152.0,3127679.0,21492072.0,1.0,0.0892857142857142,Bom
0.0,AprovadoComite,De 0 a 10 % - Muito Baixo,600000.0,0.0,12005993.0,17837929.0,5831936.0,25038845.0,0.9370702299,0.0357142857142857,Bom
0.0,AprovadoAnalista,De 0 a 10 % - Muito Baixo,70000.0,0.0,3894602.0,28680640.0,24785638.0,31519757.0,1.0,0.0357142857142857,Bom
0.0,AprovadoAnalista,De 0 a 10 % - Muito Baixo,50000.0,0.0,1036364.0,3830001.0,2061973.0,2426522.0,1.0,0.0892857142857142,Bom
0.0,AprovadoAnalista,De 0 a 10 % - Muito Baixo,60000.0,0.0,18458725.0,30795864.0,12288169.0,73827926.0,1.0,0.0357142857142857,Bom
0.0,AprovadoAnalista,De 0 a 10 % - Muito Baixo,200000.0,0.0,1265213.0,3622898.0,2310579.0,17591660.0,1.0,0.0535714285714285,Bom
0.0,AprovadoAnalista,De 0 a 10 % - Muito Baixo,50000.0,0.0,562601.0,4822920.0,3999662.0,5150870.0,1.0,0.0892857142857142,Bom
0.0,AprovadoAnalista,De 0 a 10 % - Muito Baixo,150000.0,0.0,7367297.0,21585739.0,14218442.0,30541314.0,1.0,0.0357142857142857,Bom
0.0,AprovadoAnalista,De 0 a 10 % - Muito Baixo,80000.0,0.0,1332062.0,3954907.0,2622845.0,4979494.0,0.9919593816,0.0357142857142857,Bom
0.0,AprovadoAnalista,De 0 a 10 % - Muito Baixo,1500000.0,0.0,9506982.0,32274979.0,22466956.0,22568218.0,1.0,0.0892857142857142,Bom
0.0,AprovadoAnalista,De 0 a 10 % - Muito Baixo,1100000.0,0.0,19008239.0,45895093.0,21492863.0,369893887.0,1.0,0.0892857142857142,Bom
0.0,AprovadoAnalista,De 0 a 10 % - Muito Baixo,50000.0,0.0,7657273.0,61219436.0,53562162.0,42267812.0,0.8644430654,0.0357142857142857,Bom
0.0,AprovadoAnalista,De 0 a 10 % - Muito Baixo,750000.0,0.0,6689798.0,30966825.0,24277024.0,56461757.0,1.0,0.0892857142857142,Bom
0.0,AprovadoComite,De 0 a 10 % - Muito Baixo,1500000.0,0.0,49147072.0,81720910.0,31208354.0,37122463.0,0.9886222613,0.0892857142857142,Bom
0.0,AprovadoComite,De 0 a 10 % - Muito Baixo,1500000.0,0.0,49147072.0,81720910.0,31308354.0,37122463.0,0.9999930711,0.0892857142857142,Bom
0.0,AprovadoAnalista,De 0 a 10 % - Muito Baixo,70000.0,0.0,7657273.0,61219436.0,53562162.0,42267812.0,0.8644430654,0.0357142857142857,Bom
0.0,AprovadoAnalista,De 0 a 10 % - Muito Baixo,60000.0,0.0,13008508.0,9984078.0,3510185.0,80404212.0,1.0,0.0535714285714285,Bom
0.0,AprovadoAnalista,De 0 a 10 % - Muito Baixo,120000.0,0.0,2200921.0,4517091.0,2316169.0,8833287.0,1.0,0.0535714285714285,Bom
0.0,AprovadoComite,De 0 a 10 % - Muito Baixo,150000.0,0.0,2091504.0,15041556.0,12950051.0,24566802.0,1.0,0.0892857142857142,Bom
0.0,AprovadoComite,De 0 a 10 % - Muito Baixo,700000.0,0.0,9958000.0,0.0,4089000.0,19930000.0,0.0,0.0535714285714285,Bom
0.0,AprovadoAnalista,De 0 a 10 % - Muito Baixo,400000.0,0.0,49943000.0,1768742000.0,1116493000.0,1808539000.0,1.0,0.0357142857142857,Bom
0.0,AprovadoComite,De 0 a 10 % - Muito Baixo,390000.0,0.0,7302151.0,12108532.0,4665598.0,9147814.0,1.0,0.0714285714285714,Bom
0.0,AprovadoComite,De 0 a 10 % - Muito Baixo,500000.0,0.0,4106484.0,6738012.0,2631527.0,9046276.0,0.0,0.0535714285714285,Bom
0.0,AprovadoAnalista,De 0 a 10 % - Muito Baixo,140000.0,0.0,596942.0,1846246.0,1328037.0,4935489.0,1.0,0.1071428571428571,Bom
0.0,AprovadoAnalista,De 0 a 10 % - Muito Baixo,150000.0,0.0,337703.0,5841069.0,5503365.0,10472589.0,0.0,0.0357142857142857,Bom
0.0,AprovadoAnalista,De 0 a 10 % - Muito Baixo,300000.0,0.0,5622060.0,13392493.0,7190866.0,15021048.0,1.0,0.0892857142857142,Bom
0.0,AprovadoAnalista,De 0 a 10 % - Muito Baixo,420000.0,0.0,3451560.0,15229880.0,11778319.0,47530891.0,0.9895547454,0.0892857142857142,Bom
0.0,AprovadoAnalista,De 0 a 10 % - Muito Baixo,220000.0,0.0,7367297.0,21585739.0,14218442.0,30541314.0,1.0,0.0357142857142857,Bom
0.0,AprovadoComite,De 0 a 10 % - Muito Baixo,600000.0,0.0,15506603.0,38920011.0,23156684.0,108249535.0,0.9999303945,0.0892857142857142,Bom
0.0,AprovadoComite,De 0 a 10 % - Muito Baixo,160000.0,0.0,305643.0,24082649.0,23777006.0,19468648.0,1.0,0.0535714285714285,Bom
0.0,AprovadoAnalista,De 0 a 10 % - Muito Baixo,80000.0,0.0,455952.0,3552815.0,3096863.0,6785212.0,1.0,0.0892857142857142,Bom
0.0,AprovadoAnalista,De 0 a 10 % - Muito Baixo,50000.0,0.0,276465.0,1486000.0,1209534.0,4609943.0,1.0,0.0535714285714285,Bom
0.0,AprovadoComite,De 0 a 10 % - Muito Baixo,400000.0,0.0,2239479.0,18882820.0,16441174.0,31707660.0,0.0,0.0892857142857142,Bom
0.0,AprovadoAnalista,De 0 a 10 % - Muito Baixo,200000.0,0.0,1265213.0,3622898.0,2310579.0,17591660.0,1.0,0.0357142857142857,Bom
0.0,AprovadoComite,De 0 a 10 % - Muito Baixo,600000.0,0.0,2239479.0,18882820.0,16441174.0,31707660.0,0.0,0.0892857142857142,Bom
0.0,AprovadoAnalista,De 0 a 10 % - Muito Baixo,100000.0,0.0,1016003.0,4152165.0,2746154.0,9432304.0,0.8866584856,0.1071428571428571,Bom
0.0,AprovadoAnalista,De 0 a 10 % - Muito Baixo,150000.0,0.0,9660719.0,18332493.0,2398671.0,10354594.0,0.9587531364,0.0892857142857142,Bom
0.0,AprovadoAnalista,De 0 a 10 % - Muito Baixo,150000.0,0.0,1917607.0,36924735.0,34992856.0,21236098.0,1.0,0.0357142857142857,Bom
0.0,AprovadoAnalista,De 0 a 10 % - Muito Baixo,150000.0,0.0,414100.0,2516739.0,2102638.0,8582943.0,1.0,0.0892857142857142,Bom
0.0,AprovadoAnalista,De 0 a 10 % - Muito Baixo,200000.0,0.0,187575000.0,386929000.0,164778000.0,671575000.0,0.0,0.0,Bom
0.0,AprovadoAnalista,De 0 a 10 % - Muito Baixo,106000.0,0.0,399156.0,61584256.0,61185099.0,16689723.0,0.0,0.0357142857142857,Bom
0.0,AprovadoAnalista,De 0 a 10 % - Muito Baixo,100000.0,0.0,43983974.0,230055153.0,168140504.0,421397565.0,0.0,0.0357142857142857,Bom
0.0,AprovadoAnalista,De 0 a 10 % - Muito Baixo,250000.0,0.0,86495339.0,345824174.0,245430146.0,387672746.0,0.9999999763,0.0357142857142857,Bom
0.0,AprovadoAnalista,De 0 a 10 % - Muito Baixo,180000.0,0.0,3039812.0,8647185.0,5598953.0,9930925.0,1.0,0.0357142857142857,Bom
0.0,AprovadoAnalista,De 0 a 10 % - Muito Baixo,60000.0,0.0,345323.0,3181529.0,2836205.0,2909590.0,0.6020376263,0.0892857142857142,Bom
0.0,AprovadoAnalista,De 0 a 10 % - Muito Baixo,250000.0,0.0,7755895.0,39151651.0,31395756.0,70195527.0,1.0,0.1071428571428571,Bom
0.0,AprovadoAnalista,De 0 a 10 % - Muito Baixo,50000.0,0.0,680927.0,4668405.0,2868815.0,6313954.0,0.9968862534,0.0892857142857142,Bom
0.0,AprovadoAnalista,De 0 a 10 % - Muito Baixo,100000.0,0.0,2253845.0,47673346.0,45419501.0,48433706.0,1.0,0.0357142857142857,Bom
0.0,AprovadoAnalista,De 0 a 10 % - Muito Baixo,300000.0,0.0,2130367.0,10461741.0,8331373.0,20332006.0,1.0,0.0357142857142857,Bom
0.0,AprovadoAnalista,De 0 a 10 % - Muito Baixo,75000.0,0.0,616009.0,1827620.0,981242.0,4584806.0,0.0,0.0714285714285714,Bom
0.0,AprovadoAnalista,De 0 a 10 % - Muito Baixo,160000.0,0.0,2821778.0,8971185.0,1587622.0,18866297.0,1.0,0.0357142857142857,Bom
0.0,AprovadoAnalista,De 0 a 10 % - Muito Baixo,155000.0,0.0,414100.0,2516739.0,2102638.0,8582943.0,1.0,0.0892857142857142,Bom
0.0,AprovadoAnalista,De 0 a 10 % - Muito Baixo,150000.0,0.0,4828855.0,25683558.0,18743273.0,42475939.0,1.0,0.0892857142857142,Bom
0.0,AprovadoAnalista,De 0 a 10 % - Muito Baixo,80000.0,0.0,1310486.0,7237315.0,4900535.0,15783051.0,0.8928193941,0.0714285714285714,Bom
0.0,AprovadoAnalista,De 0 a 10 % - Muito Baixo,55000.0,0.0,1466507.0,1488698.0,1143216.0,3077900.0,1.0,0.0714285714285714,Bom
0.0,AprovadoAnalista,De 0 a 10 % - Muito Baixo,1500000.0,0.0,9506982.0,32274979.0,22466956.0,22568218.0,1.0,0.0892857142857142,Bom
0.0,AprovadoAnalista,De 0 a 10 % - Muito Baixo,200000.0,0.0,187575000.0,386929000.0,164778000.0,671575000.0,0.0,0.0,Bom
0.0,AprovadoAnalista,De 0 a 10 % - Muito Baixo,1000000.0,0.0,187575000.0,386929000.0,164778000.0,671575000.0,0.0,0.0357142857142857,Bom
0.0,AprovadoAnalista,De 0 a 10 % - Muito Baixo,50000.0,0.0,8740315.0,9639442.0,899126.0,30752360.0,1.0,0.0357142857142857,Bom
0.0,AprovadoAnalista,De 0 a 10 % - Muito Baixo,75000.0,0.0,2374007.0,4324242.0,50000.0,3983742.0,1.0,0.0892857142857142,Bom
0.0,AprovadoAnalista,De 0 a 10 % - Muito Baixo,50000.0,0.0,207744.0,1714193.0,1506449.0,2518275.0,0.0,0.1071428571428571,Bom
0.0,AprovadoAnalista,De 0 a 10 % - Muito Baixo,200000.0,0.0,9660719.0,18332493.0,2398671.0,10354594.0,0.9587531364,0.0892857142857142,Bom
0.0,AprovadoAnalista,De 0 a 10 % - Muito Baixo,270000.0,0.0,86495339.0,345824174.0,245430146.0,387672746.0,0.9999999763,0.0357142857142857,Bom
0.0,AprovadoAnalista,De 0 a 10 % - Muito Baixo,50000.0,0.0,1628528.0,2380639.0,318810.0,7454968.0,0.0,0.0357142857142857,Bom
0.0,AprovadoAnalista,De 0 a 10 % - Muito Baixo,100000.0,0.0,3644123.0,34052578.0,29623509.0,44652485.0,0.9838054867,0.1071428571428571,Bom
0.0,AprovadoComite,De 0 a 10 % - Muito Baixo,400000.0,0.0,6267159.0,26799987.0,20532827.0,9978470.0,0.9837729653,0.0357142857142857,Bom
0.0,AprovadoAnalista,De 0 a 10 % - Muito Baixo,150000.0,0.0,1269604.0,3323683.0,2054079.0,13983957.0,0.0,0.0892857142857142,Bom
0.0,AprovadoComite,De 0 a 10 % - Muito Baixo,500000.0,0.0,27503820000.0,54823500000.0,12923280000.0,4464000000.0,0.0,0.0535714285714285,Bom
0.0,AprovadoAnalista,De 0 a 10 % - Muito Baixo,50000.0,0.0,40302.0,1347053.0,1096742.0,2676576.0,1.0,0.0357142857142857,Bom
0.0,AprovadoAnalista,De 0 a 10 % - Muito Baixo,80000.0,0.0,200888.0,9465989.0,3955250.0,7543816.0,1.0,0.0357142857142857,Bom
0.0,AprovadoAnalista,De 0 a 10 % - Muito Baixo,170000.0,0.0,738679.0,11529540.0,10790860.0,6812965.0,1.0,0.0357142857142857,Bom
0.0,AprovadoAnalista,De 0 a 10 % - Muito Baixo,90000.0,0.0,150059.0,1703419.0,1553359.0,3685546.0,1.0,0.0535714285714285,Bom
0.0,AprovadoAnalista,De 0 a 10 % - Muito Baixo,100000.0,0.0,200293.0,828100.0,627807.0,1900333.0,1.0,0.0535714285714285,Bom
0.0,AprovadoAnalista,De 0 a 10 % - Muito Baixo,60000.0,0.0,264506.0,1172209.0,1493345.0,4438768.0,1.0,0.0357142857142857,Bom
0.0,AprovadoComite,De 0 a 10 % - Muito Baixo,170000.0,0.0,150059.0,1703419.0,1553359.0,3685546.0,1.0,0.0892857142857142,Bom
0.0,AprovadoAnalista,De 0 a 10 % - Muito Baixo,250000.0,0.0,9660719.0,18332493.0,2398671.0,10354594.0,0.9587531364,0.0892857142857142,Bom
0.0,AprovadoAnalista,De 0 a 10 % - Muito Baixo,70000.0,0.0,7657273.0,61219436.0,53562162.0,42267812.0,0.8644430654,0.0357142857142857,Bom
0.0,AprovadoAnalista,De 0 a 10 % - Muito Baixo,75000.0,0.0,85711.0,1420401.0,1334689.0,4413163.0,0.0,0.0535714285714285,Bom
0.0,AprovadoAnalista,De 0 a 10 % - Muito Baixo,350000.0,0.0,82294612.0,151063919.0,63644329.0,444023670.0,0.9935589652,0.1071428571428571,Bom
0.0,AprovadoAnalista,De 0 a 10 % - Muito Baixo,100000.0,0.0,610645.0,7195638.0,4531097.0,13213034.0,1.0,0.0892857142857142,Bom
0.0,AprovadoAnalista,De 0 a 10 % - Muito Baixo,50000.0,0.0,1436123.0,3778276.0,2342153.0,12992593.0,1.0,0.0357142857142857,Bom
0.0,AprovadoAnalista,De 0 a 10 % - Muito Baixo,170000.0,0.0,2959093.0,24618228.0,22561000.0,9139060.0,0.25,0.0892857142857142,Bom
0.0,AprovadoAnalista,De 0 a 10 % - Muito Baixo,250000.0,0.0,9660719.0,18332493.0,2398671.0,10354594.0,0.9587531364,0.0892857142857142,Bom
0.0,AprovadoAnalista,De 0 a 10 % - Muito Baixo,100000.0,0.0,150059.0,1703419.0,1553359.0,3685546.0,1.0,0.0892857142857142,Bom
0.0,AprovadoAnalista,De 0 a 10 % - Muito Baixo,50000.0,0.0,562601.0,4822920.0,3999662.0,5150870.0,1.0,0.0892857142857142,Bom
0.0,AprovadoAnalista,De 0 a 10 % - Muito Baixo,100000.0,0.0,200293.0,828100.0,627807.0,1900333.0,1.0,0.0535714285714285,Bom
0.0,AprovadoComite,De 0 a 10 % - Muito Baixo,600000.0,0.0,2239479.0,18882820.0,16441174.0,31707660.0,0.0,0.0892857142857142,Bom
0.0,AprovadoAnalista,De 0 a 10 % - Muito Baixo,60000.0,0.0,6537907.0,20127024.0,11961963.0,4599750.0,0.0,0.0892857142857142,Bom
0.0,AprovadoAnalista,De 0 a 10 % - Muito Baixo,130000.0,0.0,455952.0,3552815.0,3096863.0,8571039.0,1.0,0.0892857142857142,Bom
0.0,AprovadoAnalista,De 0 a 10 % - Muito Baixo,60000.0,0.0,1037009.0,3762616.0,2725606.0,2970327.0,1.0,0.0357142857142857,Bom
0.0,AprovadoAnalista,De 0 a 10 % - Muito Baixo,700000.0,0.0,86495339.0,345824174.0,245430146.0,387672746.0,0.9999999763,0.0357142857142857,Bom
0.0,AprovadoAnalista,De 0 a 10 % - Muito Baixo,120000.0,0.0,2200921.0,4517091.0,2316169.0,8833287.0,1.0,0.0535714285714285,Bom
0.0,AprovadoAnalista,De 0 a 10 % - Muito Baixo,70000.0,0.0,18458725.0,30795864.0,12288169.0,73827926.0,1.0,0.0357142857142857,Bom
0.0,AprovadoAnalista,De 0 a 10 % - Muito Baixo,100000.0,0.0,47552728.0,74492008.0,18551598.0,91003927.0,0.8992099872,0.1071428571428571,Bom
0.0,AprovadoAnalista,De 0 a 10 % - Muito Baixo,120000.0,0.0,2635122.0,4637565.0,1951427.0,4834558.0,0.0,0.0,Bom
0.0,AprovadoAnalista,De 0 a 10 % - Muito Baixo,500000.0,0.0,4828855.0,25683558.0,18743273.0,42475939.0,1.0,0.0892857142857142,Bom
0.0,AprovadoComite,De 0 a 10 % - Muito Baixo,160000.0,0.0,2200921.0,4517091.0,2316169.0,8833287.0,1.0,0.0535714285714285,Bom
0.0,AprovadoAnalista,De 0 a 10 % - Muito Baixo,1000000.0,0.0,92788588.0,12584064.0,26202813.0,201782206.0,0.0,0.0535714285714285,Bom
0.0,AprovadoAnalista,De 0 a 10 % - Muito Baixo,800000.0,0.0,7811481.0,16122483.0,8311002.0,46145958.0,0.9882213279,0.0892857142857142,Bom
0.0,AprovadoAnalista,De 0 a 10 % - Muito Baixo,160000.0,0.0,4895367.0,4895367.0,4131004.0,7575754.0,1.0,0.0892857142857142,Bom
0.0,AprovadoAnalista,De 0 a 10 % - Muito Baixo,1000000.0,0.0,86495339.0,345824174.0,245430146.0,387672746.0,0.9999999763,0.0357142857142857,Bom
0.0,AprovadoAnalista,De 0 a 10 % - Muito Baixo,100000.0,0.0,18458725.0,30795864.0,12288169.0,73827926.0,1.0,0.0357142857142857,Bom
0.0,AprovadoAnalista,De 0 a 10 % - Muito Baixo,75000.0,0.0,785204.0,5117024.0,4331820.0,2845529.0,0.0,0.0357142857142857,Bom
0.0,AprovadoAnalista,De 0 a 10 % - Muito Baixo,85000.0,0.0,1361162.0,3334817.0,1702827.0,3481397.0,0.0,0.0535714285714285,Bom
0.0,AprovadoAnalista,De 0 a 10 % - Muito Baixo,350000.0,0.0,2959093.0,24618228.0,22561000.0,9139060.0,0.25,0.0892857142857142,Bom
0.0,AprovadoAnalista,De 0 a 10 % - Muito Baixo,90000.0,0.0,376299.0,9984065.0,6298626.0,11336386.0,0.0,0.0892857142857142,Bom
0.0,AprovadoAnalista,De 0 a 10 % - Muito Baixo,550000.0,0.0,4224816.0,16792927.0,3675549.0,33505605.0,0.0,0.0357142857142857,Bom
0.0,AprovadoAnalista,De 0 a 10 % - Muito Baixo,100000.0,0.0,3644123.0,34052578.0,29623509.0,44652485.0,0.9838054867,0.0892857142857142,Bom
0.0,AprovadoComite,De 0 a 10 % - Muito Baixo,800000.0,0.0,2959093.0,24618228.0,22561000.0,9139060.0,0.25,0.0892857142857142,Bom
0.0,AprovadoAnalista,De 0 a 10 % - Muito Baixo,160000.0,0.0,1917607.0,36924735.0,34992856.0,21236098.0,1.0,0.0535714285714285,Bom
0.0,AprovadoAnalista,De 0 a 10 % - Muito Baixo,100000.0,0.0,766760.0,12451455.0,11684694.0,6941291.0,1.0,0.0357142857142857,Bom
0.0,AprovadoAnalista,De 0 a 10 % - Muito Baixo,50000.0,0.0,21473729.0,95529538.0,73960563.0,169458146.0,1.0,0.0,Bom
0.0,AprovadoAnalista,De 0 a 10 % - Muito Baixo,50000.0,0.0,3749913.0,6973344.0,3223422.0,15175917.0,0.0,0.0357142857142857,Bom
0.0,AprovadoAnalista,De 0 a 10 % - Muito Baixo,100000.0,0.0,0.0,3379568.0,1393950.0,10865851.0,1.0,0.0714285714285714,Bom
0.0,AprovadoAnalista,De 0 a 10 % - Muito Baixo,170000.0,0.0,4250632.0,5806308.0,1101916.0,9231383.0,1.0,0.0357142857142857,Bom
0.0,AprovadoAnalista,De 0 a 10 % - Muito Baixo,820000.0,0.0,4224816.0,16792927.0,3675549.0,33505605.0,0.0,0.0357142857142857,Bom
0.0,AprovadoAnalista,De 0 a 10 % - Muito Baixo,220000.0,0.0,2200921.0,4517091.0,2316169.0,8833287.0,1.0,0.0535714285714285,Bom
0.0,AprovadoAnalista,De 0 a 10 % - Muito Baixo,80000.0,0.0,1310486.0,7237315.0,4900535.0,15783051.0,0.8928193941,0.0714285714285714,Bom
0.0,AprovadoAnalista,De 0 a 10 % - Muito Baixo,1200000.0,0.0,5580595.0,27542384.0,6411245.0,27102567.0,0.0,0.0357142857142857,Bom
0.0,AprovadoAnalista,De 0 a 10 % - Muito Baixo,110000.0,0.0,88746.0,3679848.0,3135887.0,6610233.0,1.0,0.1071428571428571,Bom
0.0,AprovadoAnalista,De 0 a 10 % - Muito Baixo,80000.0,0.0,103402.0,606494.0,503092.0,4772999.0,1.0,0.0357142857142857,Bom
0.0,AprovadoAnalista,De 0 a 10 % - Muito Baixo,200000.0,0.0,1265213.0,3622898.0,2310579.0,17591660.0,1.0,0.0357142857142857,Bom
0.0,AprovadoAnalista,De 0 a 10 % - Muito Baixo,65000.0,0.0,85237.0,937915.0,346987.0,2116510.0,0.0,0.0357142857142857,Bom
0.0,AprovadoAnalista,De 0 a 10 % - Muito Baixo,130000.0,0.0,18458725.0,30795864.0,12288169.0,73827926.0,1.0,0.0357142857142857,Bom
0.0,AprovadoAnalista,De 0 a 10 % - Muito Baixo,100000.0,0.0,1332062.0,3954907.0,2622845.0,4979494.0,0.9919593816,0.0535714285714285,Bom
0.0,AprovadoAnalista,De 0 a 10 % - Muito Baixo,100000.0,0.0,1894556.0,9147367.0,7252810.0,8856332.0,1.0,0.0892857142857142,Bom
0.0,AprovadoAnalista,De 0 a 10 % - Muito Baixo,600000.0,0.0,47552728.0,74492008.0,18551598.0,91003927.0,0.8992099872,0.1071428571428571,Bom
0.0,AprovadoAnalista,De 0 a 10 % - Muito Baixo,500000.0,0.0,1452976.0,11615814.0,10162838.0,13549843.0,1.0,0.0357142857142857,Bom
0.0,AprovadoAnalista,De 0 a 10 % - Muito Baixo,50000.0,0.0,460145.0,6731956.0,627811.0,4330262.0,1.0,0.0357142857142857,Bom
0.0,AprovadoAnalista,De 0 a 10 % - Muito Baixo,380000.0,0.0,61446010.0,64437727.0,1376433.0,200771296.0,1.0,0.0892857142857142,Bom
0.0,AprovadoAnalista,De 0 a 10 % - Muito Baixo,950000.0,0.0,7811481.0,16122483.0,8311002.0,46145958.0,0.9882213279,0.0892857142857142,Bom
0.0,AprovadoAnalista,De 0 a 10 % - Muito Baixo,270000.0,0.0,2289522.0,3473273.0,1066900.0,19441308.0,1.0,0.0357142857142857,Bom
0.0,AprovadoAnalista,De 0 a 10 % - Muito Baixo,60000.0,0.0,3262639.0,7209213.0,3946574.0,15539531.0,1.0,0.0357142857142857,Bom
0.0,AprovadoAnalista,De 0 a 10 % - Muito Baixo,110000.0,0.0,995581.0,2212779.0,802197.0,3057044.0,1.0,0.0535714285714285,Bom
0.0,AprovadoAnalista,De 0 a 10 % - Muito Baixo,70000.0,0.0,2407619.0,7861450.0,5390149.0,16839745.0,1.0,0.0892857142857142,Bom
0.0,AprovadoAnalista,De 0 a 10 % - Muito Baixo,350000.0,0.0,4259203.0,39939473.0,32046997.0,29621822.0,0.9805018025,0.0892857142857142,Bom
0.0,AprovadoAnalista,De 0 a 10 % - Muito Baixo,110000.0,0.0,2253845.0,47673346.0,45419501.0,48433706.0,1.0,0.0357142857142857,Bom
0.0,AprovadoAnalista,De 0 a 10 % - Muito Baixo,100000.0,0.0,125000.0,675439.0,497888.0,2395685.0,0.9609716799,0.0892857142857142,Bom
0.0,AprovadoAnalista,De 0 a 10 % - Muito Baixo,70000.0,0.0,657592.0,13970616.0,13313024.0,25852518.0,1.0,0.0357142857142857,Bom
0.0,AprovadoAnalista,De 0 a 10 % - Muito Baixo,350000.0,0.0,2091504.0,15041556.0,12950051.0,14515382.0,1.0,0.0892857142857142,Bom
0.0,AprovadoAnalista,De 0 a 10 % - Muito Baixo,285000.0,0.0,11914996.0,24157092.0,6606533.0,36985675.0,0.855464029,0.1071428571428571,Bom
0.0,AprovadoAnalista,De 0 a 10 % - Muito Baixo,50000.0,0.0,447255.0,859048.0,365329.0,943657.0,1.0,0.0357142857142857,Bom
0.0,AprovadoAnalista,De 0 a 10 % - Muito Baixo,80000.0,0.0,105398.0,1230902.0,1125504.0,2387739.0,0.0,0.0892857142857142,Bom
0.0,AprovadoAnalista,De 0 a 10 % - Muito Baixo,60000.0,0.0,323191.0,1488698.0,1165407.0,3218464.0,1.0,0.0357142857142857,Bom
0.0,AprovadoAnalista,De 0 a 10 % - Muito Baixo,420000.0,0.0,3451560.0,15229880.0,11778319.0,47530891.0,0.9895547454,0.0892857142857142,Bom
0.0,AprovadoAnalista,De 0 a 10 % - Muito Baixo,50000.0,0.0,11310861.0,24369762.0,12131251.0,48747994.0,1.0,0.0892857142857142,Bom
0.0,AprovadoAnalista,De 0 a 10 % - Muito Baixo,250000.0,0.0,7765895.0,39151651.0,31395756.0,70195527.0,1.0,0.0892857142857142,Bom
0.0,AprovadoAnalista,De 0 a 10 % - Muito Baixo,300000.0,0.0,2130367.0,10461741.0,8331373.0,20332006.0,1.0,0.0357142857142857,Bom
0.0,AprovadoAnalista,De 0 a 10 % - Muito Baixo,220000.0,0.0,2200921.0,4517091.0,2316169.0,8833287.0,1.0,0.0535714285714285,Bom
0.0,AprovadoAnalista,De 0 a 10 % - Muito Baixo,120000.0,0.0,4588904.0,10998944.0,5827998.0,11043266.0,0.949152378,0.0892857142857142,Bom
0.0,AprovadoAnalista,De 0 a 10 % - Muito Baixo,170000.0,0.0,738679.0,11529540.0,10790860.0,6812965.0,1.0,0.0357142857142857,Bom
0.0,AprovadoAnalista,De 0 a 10 % - Muito Baixo,100000.0,0.0,1016003.0,4152165.0,2746154.0,9372241.0,0.8866584856,0.1071428571428571,Bom
0.0,AprovadoAnalista,De 0 a 10 % - Muito Baixo,1300000.0,0.0,5580595.0,27542384.0,6411245.0,27102567.0,0.0,0.0357142857142857,Bom
0.0,AprovadoAnalista,De 0 a 10 % - Muito Baixo,60000.0,0.0,722607.0,3085480.0,2330621.0,4848507.0,1.0,0.0892857142857142,Bom
0.0,AprovadoAnalista,De 0 a 10 % - Muito Baixo,800000.0,0.0,4828855.0,25683558.0,18743273.0,42475939.0,1.0,0.0892857142857142,Bom
0.0,AprovadoAnalista,De 0 a 10 % - Muito Baixo,60000.0,0.0,1728395.0,3852826.0,1316953.0,16035147.0,1.0,0.0357142857142857,Bom
0.0,AprovadoAnalista,De 0 a 10 % - Muito Baixo,85000.0,0.0,722607.0,3085480.0,2330621.0,4848507.0,1.0,0.0892857142857142,Bom
0.0,AprovadoAnalista,De 0 a 10 % - Muito Baixo,80000.0,0.0,105398.0,1230902.0,1125504.0,2387739.0,0.0,0.0892857142857142,Bom
0.0,AprovadoAnalista,De 0 a 10 % - Muito Baixo,150000.0,0.0,1078529.0,10622445.0,7214122.0,10228874.0,1.0,0.0357142857142857,Bom
0.0,AprovadoAnalista,De 0 a 10 % - Muito Baixo,50000.0,0.0,17635.0,443546.0,228746.0,1817402.0,1.0,0.1071428571428571,Bom
0.0,AprovadoAnalista,De 0 a 10 % - Muito Baixo,1200000.0,0.0,47552728.0,74492008.0,18551598.0,91003927.0,0.8992099872,0.0892857142857142,Bom
0.0,AprovadoAnalista,De 0 a 10 % - Muito Baixo,730000.0,0.0,12005993.0,17837929.0,5831936.0,9879973.0,0.9370702299,0.0357142857142857,Bom
0.0,AprovadoAnalista,De 0 a 10 % - Muito Baixo,300000.0,0.0,3644123.0,34052578.0,29623509.0,44652485.0,0.9838054867,0.1071428571428571,Bom
0.0,AprovadoAnalista,De 0 a 10 % - Muito Baixo,70000.0,0.0,1963467.0,2093467.0,1683560.0,4311053.0,1.0,0.0357142857142857,Bom
0.0,AprovadoAnalista,De 0 a 10 % - Muito Baixo,1100000.0,0.0,7811481.0,16122483.0,8311002.0,46145958.0,0.9882213279,0.0892857142857142,Bom
0.0,AprovadoAnalista,De 0 a 10 % - Muito Baixo,200000.0,0.0,3487354.0,19295009.0,15796149.0,11882879.0,1.0,0.0,Bom
0.0,AprovadoAnalista,De 0 a 10 % - Muito Baixo,1250000.0,0.0,9953825.0,20811945.0,10858119.0,33286596.0,0.9370702299,0.0357142857142857,Bom
0.0,AprovadoAnalista,De 0 a 10 % - Muito Baixo,70000.0,0.0,291453.0,7574818.0,7283365.0,4925896.0,1.0,0.0892857142857142,Bom
0.0,AprovadoAnalista,De 0 a 10 % - Muito Baixo,400000.0,0.0,7644437.0,12741042.0,5096605.0,30929212.0,0.9842758573,0.1071428571428571,Bom
0.0,AprovadoAnalista,De 0 a 10 % - Muito Baixo,50000.0,0.0,276465.0,1486000.0,1209534.0,4609943.0,1.0,0.0535714285714285,Bom
0.0,AprovadoAnalista,De 0 a 10 % - Muito Baixo,500000.0,0.0,1452976.0,11615814.0,10162838.0,13549843.0,1.0,0.0357142857142857,Bom
0.0,AprovadoAnalista,De 0 a 10 % - Muito Baixo,50000.0,0.0,1833085.0,7776750.0,5943665.0,21148184.0,1.0,0.0892857142857142,Bom
0.0,AprovadoAnalista,De 0 a 10 % - Muito Baixo,50000.0,0.0,680927.0,4668405.0,2868815.0,6313954.0,0.9968862534,0.0892857142857142,Bom
0.0,AprovadoAnalista,De 0 a 10 % - Muito Baixo,50000.0,0.0,207744.0,1714193.0,1506449.0,2518275.0,0.0,0.0892857142857142,Bom
0.0,AprovadoAnalista,De 0 a 10 % - Muito Baixo,1500000.0,0.0,18107521.0,48535495.0,24934123.0,116830799.0,0.9888857194,0.0892857142857142,Bom
0.0,AprovadoAnalista,De 0 a 10 % - Muito Baixo,800000.0,0.0,6267159.0,32857708.0,20532827.0,56718236.0,0.9837729653,0.0357142857142857,Bom
0.0,AprovadoAnalista,De 0 a 10 % - Muito Baixo,80000.0,0.0,200888.0,9465989.0,3955250.0,7543816.0,1.0,0.0357142857142857,Bom
0.0,AprovadoAnalista,De 0 a 10 % - Muito Baixo,80000.0,0.0,200293.0,828100.0,627807.0,1900333.0,1.0,0.0357142857142857,Bom
0.0,AprovadoAnalista,De 0 a 10 % - Muito Baixo,170000.0,0.0,1078529.0,10622445.0,7214122.0,10228874.0,1.0,0.0357142857142857,Bom
0.0,AprovadoAnalista,De 0 a 10 % - Muito Baixo,120000.0,0.0,2635122.0,4637565.0,1951427.0,4834558.0,0.0,0.0357142857142857,Bom
0.0,AprovadoAnalista,De 0 a 10 % - Muito Baixo,300000.0,0.0,13071823.0,39062454.0,24241885.0,34142426.0,1.0,0.0892857142857142,Bom
0.0,AprovadoAnalista,De 0 a 10 % - Muito Baixo,150000.0,0.0,2991961.0,15905142.0,12913181.0,23148252.0,1.0,0.0178571428571428,Bom
0.0,AprovadoAnalista,De 0 a 10 % - Muito Baixo,150000.0,0.0,4828855.0,25683558.0,18743273.0,46265229.0,1.0,0.0892857142857142,Bom
0.0,AprovadoAnalista,De 0 a 10 % - Muito Baixo,1500000.0,0.0,7811481.0,16122483.0,8311002.0,46145958.0,0.9882213279,0.0892857142857142,Bom
0.0,AprovadoAnalista,De 0 a 10 % - Muito Baixo,900000.0,0.0,9784101.0,12758967.0,7382989.0,43053130.0,0.0,0.0892857142857142,Bom
0.0,AprovadoAnalista,De 0 a 10 % - Muito Baixo,70000.0,0.0,699061.0,9796870.0,9097808.0,18790402.0,1.0,0.0357142857142857,Bom
0.0,AprovadoAnalista,De 0 a 10 % - Muito Baixo,100000.0,0.0,3098791.0,16311448.0,13212656.0,32045758.0,0.0,0.0892857142857142,Bom
0.0,AprovadoAnalista,De 0 a 10 % - Muito Baixo,80000.0,0.0,200293.0,828100.0,627807.0,1900333.0,1.0,0.0357142857142857,Bom
0.0,AprovadoAnalista,De 0 a 10 % - Muito Baixo,525000.0,0.0,1084263.0,12980806.0,8054937.0,24083490.0,1.0,0.0357142857142857,Bom
0.0,AprovadoAnalista,De 0 a 10 % - Muito Baixo,50000.0,0.0,8793244.0,28111113.0,17436471.0,30487864.0,1.0,0.0,Bom
0.0,AprovadoAnalista,De 0 a 10 % - Muito Baixo,100000.0,0.0,1005334.0,3390418.0,2385084.0,9323958.0,1.0,0.0357142857142857,Bom
0.0,AprovadoAnalista,De 0 a 10 % - Muito Baixo,160000.0,0.0,4895367.0,4895367.0,4131004.0,7575754.0,1.0,0.0714285714285714,Bom
0.0,AprovadoAnalista,De 0 a 10 % - Muito Baixo,185000.0,0.0,4828855.0,25683558.0,18743273.0,46265229.0,1.0,0.0892857142857142,Bom
0.0,AprovadoAnalista,De 0 a 10 % - Muito Baixo,90000.0,0.0,150059.0,1703419.0,1553359.0,3685546.0,1.0,0.0892857142857142,Bom
0.0,AprovadoAnalista,De 0 a 10 % - Muito Baixo,160000.0,0.0,4868737.0,8472361.0,3472380.0,24900453.0,1.0,0.0357142857142857,Bom
0.0,AprovadoAnalista,De 0 a 10 % - Muito Baixo,350000.0,0.0,2091504.0,15041556.0,12950051.0,14515382.0,1.0,0.0892857142857142,Bom
0.0,AprovadoAnalista,De 0 a 10 % - Muito Baixo,50000.0,0.0,1436123.0,3778276.0,2342153.0,12992593.0,1.0,0.0357142857142857,Bom
0.0,AprovadoAnalista,De 0 a 10 % - Muito Baixo,70000.0,0.0,235797.0,2125141.0,1889344.0,2524288.0,1.0,0.1071428571428571,Bom
0.0,AprovadoAnalista,De 0 a 10 % - Muito Baixo,160000.0,0.0,1917607.0,36924735.0,34992856.0,21236098.0,1.0,0.0357142857142857,Bom
0.0,AprovadoAnalista,De 0 a 10 % - Muito Baixo,900000.0,0.0,19977448.0,41455722.0,21343873.0,42382012.0,1.0,0.0892857142857142,Bom
0.0,AprovadoAnalista,De 0 a 10 % - Muito Baixo,220000.0,0.0,2407619.0,7861450.0,5390149.0,16839745.0,1.0,0.0892857142857142,Bom
0.0,AprovadoAnalista,De 0 a 10 % - Muito Baixo,350000.0,0.0,91669801.0,171531991.0,75434235.0,260922605.0,0.9935589652,0.1071428571428571,Bom
0.0,AprovadoAnalista,De 0 a 10 % - Muito Baixo,235000.0,0.0,2407619.0,7861450.0,5390149.0,16839745.0,1.0,0.0892857142857142,Bom
0.0,AprovadoAnalista,De 0 a 10 % - Muito Baixo,50000.0,0.0,562601.0,4822920.0,3999662.0,5150870.0,1.0,0.0892857142857142,Bom
0.0,AprovadoAnalista,De 0 a 10 % - Muito Baixo,420000.0,0.0,2991961.0,15905142.0,12913181.0,23148252.0,1.0,0.0535714285714285,Bom
0.0,AprovadoAnalista,De 0 a 10 % - Muito Baixo,100000.0,0.0,218949.0,7696238.0,7286391.0,4790073.0,1.0,0.0357142857142857,Bom
0.0,AprovadoAnalista,De 0 a 10 % - Muito Baixo,500000.0,0.0,2991961.0,15905142.0,12913181.0,23148252.0,1.0,0.0535714285714285,Bom
0.0,AprovadoAnalista,De 0 a 10 % - Muito Baixo,50000.0,0.0,104850000.0,306090000.0,200240000.0,1126664000.0,0.0,0.0,Bom
0.0,AprovadoAnalista,De 0 a 10 % - Muito Baixo,160000.0,0.0,218949.0,7696238.0,7286391.0,4790073.0,1.0,0.0357142857142857,Bom
0.0,AprovadoAnalista,De 0 a 10 % - Muito Baixo,80000.0,0.0,103402.0,606494.0,503092.0,4772999.0,1.0,0.0357142857142857,Bom
0.0,AprovadoAnalista,De 0 a 10 % - Muito Baixo,350000.0,0.0,2369296.0,14590966.0,12221669.0,13243246.0,1.0,0.0357142857142857,Bom
0.0,AprovadoAnalista,De 0 a 10 % - Muito Baixo,2500000.0,0.0,18487251.0,45047845.0,26378194.0,103305665.0,1.0,0.0892857142857142,Bom
0.0,AprovadoAnalista,De 0 a 10 % - Muito Baixo,170000.0,0.0,2959093.0,24618228.0,22561000.0,9139060.0,0.25,0.1071428571428571,Bom
0.0,AprovadoAnalista,De 0 a 10 % - Muito Baixo,350000.0,0.0,2091504.0,15041556.0,12950051.0,22828382.0,1.0,0.0892857142857142,Bom
0.0,AprovadoAnalista,De 0 a 10 % - Muito Baixo,300000.0,0.0,1904578.0,7810202.0,5805887.0,19873252.0,1.0,0.0892857142857142,Bom
0.0,AprovadoAnalista,De 0 a 10 % - Muito Baixo,150000.0,0.0,4828855.0,25683558.0,18743273.0,46265229.0,1.0,0.0892857142857142,Bom
0.0,AprovadoAnalista,De 0 a 10 % - Muito Baixo,250000.0,0.0,2375961.0,4774632.0,2398671.0,10354594.0,0.9587531364,0.0892857142857142,Bom
0.0,AprovadoAnalista,De 0 a 10 % - Muito Baixo,150000.0,0.0,4828855.0,25683558.0,18743273.0,46265229.0,1.0,0.0892857142857142,Bom
0.0,AprovadoAnalista,De 0 a 10 % - Muito Baixo,1000000.0,0.0,9953825.0,20811945.0,10858119.0,33286596.0,0.9370702299,0.0357142857142857,Bom
0.0,AprovadoAnalista,De 0 a 10 % - Muito Baixo,130000.0,0.0,468985.0,3903114.0,3434000.0,7817771.0,1.0,0.0892857142857142,Bom
0.0,AprovadoAnalista,De 0 a 10 % - Muito Baixo,105000.0,0.0,1016003.0,4152165.0,2746154.0,9372241.0,0.8866584856,0.0892857142857142,Bom
0.0,AprovadoAnalista,De 0 a 10 % - Muito Baixo,50000.0,0.0,8258925.0,35070822.0,21752533.0,43917342.0,1.0,0.0714285714285714,Bom
0.0,AprovadoAnalista,De 0 a 10 % - Muito Baixo,60000.0,0.0,323191.0,1488698.0,1165407.0,3218464.0,1.0,0.0357142857142857,Bom
0.0,AprovadoAnalista,De 0 a 10 % - Muito Baixo,50000.0,0.0,15889843.0,118886939.0,102987096.0,66129082.0,1.0,0.0357142857142857,Bom
0.0,AprovadoAnalista,De 0 a 10 % - Muito Baixo,800000.0,0.0,2253845.0,47681814.0,45427968.0,29142843.0,1.0,0.0357142857142857,Bom
0.0,AprovadoAnalista,De 0 a 10 % - Muito Baixo,600000.0,0.0,86495339.0,345824174.0,245430146.0,387672746.0,0.9999999763,0.0357142857142857,Bom
0.0,AprovadoAnalista,De 0 a 10 % - Muito Baixo,145000.0,0.0,10407632.0,14369543.0,3959940.0,61923384.0,1.0,0.0,Bom
0.0,AprovadoAnalista,De 0 a 10 % - Muito Baixo,170000.0,0.0,4250632.0,5806308.0,1101916.0,2047885.0,1.0,0.0535714285714285,Bom
0.0,AprovadoAnalista,De 0 a 10 % - Muito Baixo,150000.0,0.0,4828855.0,25683558.0,18743273.0,46265229.0,1.0,0.0892857142857142,Bom
0.0,AprovadoAnalista,De 0 a 10 % - Muito Baixo,250000.0,0.0,1917607.0,36924735.0,34992856.0,21236098.0,1.0,0.0357142857142857,Bom
0.0,AprovadoAnalista,De 0 a 10 % - Muito Baixo,650000.0,0.0,2239479.0,18882820.0,16441174.0,31707660.0,0.0,0.0892857142857142,Bom
0.0,AprovadoAnalista,De 0 a 10 % - Muito Baixo,100000.0,0.0,387538.0,4015491.0,743265.0,5597867.0,0.0,0.0357142857142857,Bom
0.0,AprovadoAnalista,De 0 a 10 % - Muito Baixo,1100000.0,0.0,9784101.0,12758967.0,7382989.0,43053130.0,0.0,0.0892857142857142,Bom
0.0,AprovadoAnalista,De 0 a 10 % - Muito Baixo,50000.0,0.0,551222.0,2175062.0,1623839.0,6834603.0,1.0,0.0357142857142857,Bom
0.0,AprovadoAnalista,De 0 a 10 % - Muito Baixo,60000.0,0.0,161331.0,3204216.0,3042884.0,2303078.0,0.567622393,0.0357142857142857,Bom
0.0,AprovadoAnalista,De 0 a 10 % - Muito Baixo,100000.0,0.0,1332062.0,3954907.0,2622845.0,4979494.0,0.9919593816,0.0535714285714285,Bom
0.0,AprovadoAnalista,De 0 a 10 % - Muito Baixo,300000.0,0.0,2289522.0,3473273.0,1066900.0,19441308.0,1.0,0.0892857142857142,Bom
0.0,AprovadoAnalista,De 0 a 10 % - Muito Baixo,70000.0,0.0,657592.0,13970616.0,13313024.0,25852518.0,1.0,0.0357142857142857,Bom
0.0,AprovadoAnalista,De 0 a 10 % - Muito Baixo,80000.0,0.0,1037009.0,3762616.0,2725606.0,2970327.0,1.0,0.0357142857142857,Bom
0.0,AprovadoAnalista,De 0 a 10 % - Muito Baixo,80000.0,0.0,200293.0,828100.0,627807.0,1900333.0,1.0,0.0357142857142857,Bom
0.0,AprovadoAnalista,De 0 a 10 % - Muito Baixo,100000.0,0.0,766760.0,12451455.0,11684694.0,6941291.0,1.0,0.0357142857142857,Bom
0.0,AprovadoAnalista,De 0 a 10 % - Muito Baixo,100000.0,0.0,610645.0,7195638.0,4531097.0,13213034.0,1.0,0.1071428571428571,Bom
0.0,AprovadoAnalista,De 0 a 10 % - Muito Baixo,100000.0,0.0,1894556.0,9147367.0,7252810.0,8856332.0,1.0,0.0357142857142857,Bom
0.0,AprovadoAnalista,De 0 a 10 % - Muito Baixo,380000.0,0.0,61446010.0,64437727.0,1376433.0,200771296.0,1.0,0.0892857142857142,Bom
0.0,AprovadoAnalista,De 0 a 10 % - Muito Baixo,50000.0,0.0,1963467.0,2093467.0,130000.0,4311053.0,1.0,0.0892857142857142,Bom
0.0,AprovadoAnalista,De 0 a 10 % - Muito Baixo,70000.0,0.0,5946642.0,7221378.0,554705.0,38547815.0,0.0,0.0357142857142857,Bom
0.0,AprovadoAnalista,De 0 a 10 % - Muito Baixo,160000.0,0.0,2200921.0,4517091.0,2316169.0,8833287.0,1.0,0.0535714285714285,Bom
0.0,AprovadoAnalista,De 0 a 10 % - Muito Baixo,70000.0,0.0,7657273.0,61219436.0,53562162.0,42267812.0,0.8644430654,0.0357142857142857,Bom
0.0,AprovadoAnalista,De 0 a 10 % - Muito Baixo,800000.0,0.0,7501813.0,26279924.0,17140672.0,10701729.0,0.9837729653,0.0357142857142857,Bom
0.0,AprovadoAnalista,De 0 a 10 % - Muito Baixo,100000.0,0.0,246242.0,17967742.0,13358136.0,18296066.0,1.0,0.0892857142857142,Bom
0.0,AprovadoAnalista,De 0 a 10 % - Muito Baixo,70000.0,0.0,46142463.0,55236137.0,9060386.0,95265517.0,1.0,0.0357142857142857,Bom
0.0,AprovadoAnalista,De 0 a 10 % - Muito Baixo,50000.0,0.0,180435.0,6100398.0,5919962.0,18153616.0,1.0,0.0892857142857142,Bom
0.0,AprovadoAnalista,De 0 a 10 % - Muito Baixo,50000.0,0.0,161331.0,3204216.0,3042884.0,2303078.0,0.567622393,0.0357142857142857,Bom
0.0,AprovadoAnalista,De 0 a 10 % - Muito Baixo,80000.0,0.0,173258.0,2702235.0,627807.0,2003041.0,1.0,0.0357142857142857,Bom
0.0,AprovadoAnalista,De 0 a 10 % - Muito Baixo,50000.0,0.0,216968.0,870117.0,653148.0,2546820.0,0.9484933045,0.0535714285714285,Bom
0.0,AprovadoAnalista,De 0 a 10 % - Muito Baixo,80000.0,0.0,291453.0,7574818.0,7283365.0,4925896.0,1.0,0.0892857142857142,Bom
0.0,AprovadoAnalista,De 0 a 10 % - Muito Baixo,90000.0,0.0,347882.0,2846875.0,2461402.0,3491247.0,1.0,0.0357142857142857,Bom
0.0,AprovadoAnalista,De 0 a 10 % - Muito Baixo,60000.0,0.0,790495.0,2444687.0,1432244.0,1968864.0,1.0,0.0357142857142857,Bom
0.0,AprovadoAnalista,De 0 a 10 % - Muito Baixo,2100000.0,0.0,15287028.0,43189402.0,6401311.0,52035308.0,0.999998784,0.0892857142857142,Bom
0.0,AprovadoAnalista,De 0 a 10 % - Muito Baixo,170000.0,0.0,18458725.0,30795864.0,12288169.0,73827926.0,1.0,0.0357142857142857,Bom
0.0,AprovadoAnalista,De 0 a 10 % - Muito Baixo,160000.0,0.0,2709429.0,11588761.0,8879331.0,7999503.0,0.9723027327,0.0357142857142857,Bom
0.0,AprovadoAnalista,De 0 a 10 % - Muito Baixo,1500000.0,0.0,23790723.0,94195502.0,39062853.0,123692367.0,0.9999930711,0.0892857142857142,Bom
0.0,AprovadoAnalista,De 0 a 10 % - Muito Baixo,150000.0,0.0,4868737.0,8472361.0,3472380.0,24900453.0,1.0,0.0357142857142857,Bom
0.0,AprovadoAnalista,De 0 a 10 % - Muito Baixo,400000.0,0.0,6200559.0,47231199.0,34885321.0,59988161.0,0.9805018025,0.0892857142857142,Bom
0.0,AprovadoAnalista,De 0 a 10 % - Muito Baixo,500000.0,0.0,6200559.0,47231199.0,34885321.0,59988161.0,0.9805018025,0.0892857142857142,Bom
0.0,AprovadoComite,De 0 a 10 % - Muito Baixo,1100000.0,0.0,7501813.0,26279924.0,17140672.0,10701729.0,0.9837729653,0.0357142857142857,Bom
0.0,AprovadoAnalista,De 0 a 10 % - Muito Baixo,850000.0,0.0,10947843.0,25063647.0,14115803.0,49147996.0,0.9737171367,0.0357142857142857,Bom
0.0,AprovadoComite,De 0 a 10 % - Muito Baixo,1000000.0,0.0,10947843.0,25063647.0,14115803.0,49147996.0,0.9737171367,0.0357142857142857,Bom
0.0,AprovadoAnalista,De 0 a 10 % - Muito Baixo,90000.0,0.0,291453.0,7574818.0,7283365.0,4925896.0,1.0,0.0892857142857142,Bom
0.0,AprovadoAnalista,De 0 a 10 % - Muito Baixo,60000.0,0.0,3262639.0,7209213.0,3946574.0,15539531.0,1.0,0.0357142857142857,Bom
0.0,AprovadoAnalista,De 0 a 10 % - Muito Baixo,60000.0,0.0,1435883.0,15904174.0,14468290.0,9914981.0,1.0,0.0357142857142857,Bom
0.0,AprovadoAnalista,De 0 a 10 % - Muito Baixo,800000.0,0.0,7501813.0,26279924.0,17140672.0,10701729.0,0.9837729653,0.0357142857142857,Bom
0.0,AprovadoAnalista,De 0 a 10 % - Muito Baixo,650000.0,0.0,2239479.0,18882820.0,16441174.0,31707660.0,0.0,0.0892857142857142,Bom
0.0,AprovadoAnalista,De 0 a 10 % - Muito Baixo,50000.0,0.0,6980943.0,15179855.0,6496091.0,59829251.0,0.8890939632,0.0892857142857142,Bom
0.0,AprovadoAnalista,De 0 a 10 % - Muito Baixo,300000.0,0.0,1269604.0,3323683.0,2054079.0,13983957.0,0.0,0.0892857142857142,Bom
0.0,AprovadoAnalista,De 0 a 10 % - Muito Baixo,70000.0,0.0,2717760.0,4560179.0,873851.0,14102425.0,0.9174951162,0.0892857142857142,Bom
0.0,AprovadoAnalista,De 0 a 10 % - Muito Baixo,1350000.0,0.0,3151600.0,40273700.0,7454186.0,23332402.0,0.9778143947,0.0892857142857142,Bom
0.0,AprovadoAnalista,De 0 a 10 % - Muito Baixo,350000.0,0.0,1269604.0,3323683.0,2054079.0,13983957.0,0.0,0.0892857142857142,Bom
0.0,AprovadoAnalista,De 0 a 10 % - Muito Baixo,500000.0,0.0,2369296.0,14590966.0,12221669.0,13243246.0,1.0,0.0357142857142857,Bom
0.0,AprovadoAnalista,De 0 a 10 % - Muito Baixo,150000.0,0.0,792872.0,12339118.0,10546246.0,10029382.0,1.0,0.0892857142857142,Bom
0.0,AprovadoAnalista,De 0 a 10 % - Muito Baixo,70000.0,0.0,442499.0,1543520.0,778288.0,5110563.0,0.0,0.0535714285714285,Bom
0.0,AprovadoAnalista,De 0 a 10 % - Muito Baixo,300000.0,0.0,3021394.0,15963769.0,10934450.0,16058693.0,0.0,0.0535714285714285,Bom
0.0,AprovadoAnalista,De 0 a 10 % - Muito Baixo,120000.0,0.0,4189577.0,10917722.0,6728145.0,23942754.0,0.949152378,0.0892857142857142,Bom
0.0,AprovadoAnalista,De 0 a 10 % - Muito Baixo,1800000.0,0.0,18107521.0,48535495.0,24934123.0,116830799.0,0.9888857194,0.0892857142857142,Bom
0.0,AprovadoAnalista,De 0 a 10 % - Muito Baixo,150000.0,0.0,492831.0,5267364.0,2692664.0,4348123.0,1.0,0.0892857142857142,Bom
0.0,AprovadoAnalista,De 0 a 10 % - Muito Baixo,200000.0,0.0,3926535.0,6993382.0,2972924.0,17601477.0,1.0,0.0357142857142857,Bom
0.0,AprovadoAnalista,De 0 a 10 % - Muito Baixo,420000.0,0.0,3451560.0,15229880.0,11778319.0,47530891.0,0.9895547454,0.0892857142857142,Bom
0.0,AprovadoAnalista,De 0 a 10 % - Muito Baixo,100000.0,0.0,76334948.0,276266217.0,193797364.0,403406208.0,0.0,0.0535714285714285,Bom
0.0,AprovadoAnalista,De 0 a 10 % - Muito Baixo,50000.0,0.0,25519299.0,27866216.0,2346917.0,101606651.0,0.9469300958,0.0357142857142857,Bom
0.0,AprovadoAnalista,De 0 a 10 % - Muito Baixo,300000.0,0.0,13071823.0,39062454.0,24241885.0,34142426.0,1.0,0.0892857142857142,Bom
0.0,AprovadoComite,De 0 a 10 % - Muito Baixo,6000000.0,0.0,90219101.0,474829932.0,333090313.0,316111426.0,0.0,0.0892857142857142,Bom
0.0,AprovadoAnalista,De 0 a 10 % - Muito Baixo,50000.0,0.0,657005.0,1554924.0,897918.0,4631743.0,1.0,0.0,Bom
0.0,AprovadoAnalista,De 0 a 10 % - Muito Baixo,60000.0,0.0,341818.0,1425113.0,873590.0,2613562.0,1.0,0.0535714285714285,Bom
0.0,AprovadoAnalista,De 0 a 10 % - Muito Baixo,100000.0,0.0,680927.0,4668405.0,2868815.0,6313954.0,0.9968862534,0.1071428571428571,Bom
0.0,AprovadoAnalista,De 0 a 10 % - Muito Baixo,400000.0,0.0,690323.0,21707575.0,19145147.0,5139435.0,0.0,0.0357142857142857,Bom
0.0,AprovadoAnalista,De 0 a 10 % - Muito Baixo,100000.0,0.0,150059.0,1703419.0,1553359.0,3685546.0,1.0,0.0892857142857142,Bom
0.0,AprovadoAnalista,De 0 a 10 % - Muito Baixo,350000.0,0.0,525107.0,6492744.0,5967637.0,10932757.0,0.0,0.0892857142857142,Bom
0.0,AprovadoAnalista,De 0 a 10 % - Muito Baixo,70000.0,0.0,305165.0,2238975.0,1929536.0,5173808.0,1.0,0.0535714285714285,Bom
0.0,AprovadoAnalista,De 0 a 10 % - Muito Baixo,150000.0,0.0,736138.0,4790991.0,3895228.0,11762657.0,1.0,0.0357142857142857,Bom
0.0,AprovadoAnalista,De 0 a 10 % - Muito Baixo,50000.0,0.0,447255.0,859048.0,365329.0,943657.0,1.0,0.0535714285714285,Bom
0.0,AprovadoAnalista,De 0 a 10 % - Muito Baixo,330000.0,0.0,160045.0,6067268.0,2294990.0,18190968.0,1.0,0.0892857142857142,Bom
0.0,AprovadoAnalista,De 0 a 10 % - Muito Baixo,60000.0,0.0,354758.0,1786014.0,1431256.0,10025733.0,0.9962616846,0.0892857142857142,Bom
0.0,AprovadoAnalista,De 0 a 10 % - Muito Baixo,377000.0,0.0,160045.0,6067268.0,2294990.0,18190968.0,1.0,0.0892857142857142,Bom
0.0,AprovadoAnalista,De 0 a 10 % - Muito Baixo,350000.0,0.0,747562.0,3121784.0,2374221.0,7851499.0,1.0,0.0892857142857142,Bom
0.0,AprovadoAnalista,De 0 a 10 % - Muito Baixo,100000.0,0.0,738679.0,11529540.0,10790860.0,6150463.0,1.0,0.0357142857142857,Bom
